dataset,model, selection,selected features
ArticularyWordRecognition,hydra,smoteBackground Shapley_Value_Sampling,4,5,6,7,8,
ArticularyWordRecognition,hydra,smoteBackground Feature Ablation,3,4,5,6,7,8,
ArticularyWordRecognition,hydra,prototypesBackground Feature Ablation,3,4,5,6,7,8,
ArticularyWordRecognition,hydra,prototypesBackground Shapley_Value_Sampling,3,4,5,6,7,8,
ArticularyWordRecognition,hydra,zerosBackground Feature Ablation,1,3,4,5,7,8,
ArticularyWordRecognition,hydra,zerosBackground Shapley_Value_Sampling,1,3,5,6,8,
ArticularyWordRecognition,ConvTran,smoteBackground Shapley_Value_Sampling,5,7,
ArticularyWordRecognition,ConvTran,smoteBackground Feature Ablation,4,5,7,
ArticularyWordRecognition,ConvTran,prototypesBackground Feature Ablation,4,5,7,
ArticularyWordRecognition,ConvTran,prototypesBackground Shapley_Value_Sampling,5,7,
ArticularyWordRecognition,ConvTran,zerosBackground Feature Ablation,1,2,4,5,7,8,
ArticularyWordRecognition,ConvTran,zerosBackground Shapley_Value_Sampling,1,2,4,5,7,
ArticularyWordRecognition,miniRocket,smoteBackground Shapley_Value_Sampling,1,2,4,5,7,8,
ArticularyWordRecognition,miniRocket,smoteBackground Feature Ablation,1,2,3,4,5,7,
ArticularyWordRecognition,miniRocket,prototypesBackground Feature Ablation,1,2,3,4,5,7,
ArticularyWordRecognition,miniRocket,prototypesBackground Shapley_Value_Sampling,1,2,4,5,7,
ArticularyWordRecognition,miniRocket,zerosBackground Feature Ablation,1,2,3,4,5,7,
ArticularyWordRecognition,miniRocket,zerosBackground Shapley_Value_Sampling,1,2,3,4,5,
DuckDuckGeese,hydra,smoteBackground Shapley_Value_Sampling,1025,1029,1030,1032,1034,1035,1036,1038,1042,1043,1044,1046,1047,1050,1051,1053,1054,1055,1057,1059,1060,1064,1065,1066,1067,1068,1069,1071,1073,1075,1076,1078,1079,1080,1081,1082,1083,1084,1085,1087,1089,1090,1092,1093,1094,1095,1097,1098,1099,1100,1101,1104,1105,1106,1107,1108,1109,1112,1113,1114,1116,1119,1120,1121,1122,1124,1125,1126,1128,1129,1130,1131,1134,1135,1138,1140,1141,1142,1143,1144,1145,1147,1148,1150,1151,1152,1153,1154,1156,1157,1158,1159,1161,1162,1163,1164,1165,1167,1170,1171,1172,1173,1174,1175,1176,1177,666,1178,1182,1183,1184,1185,1186,1187,1188,1189,1190,1197,1201,692,1206,1208,1209,1210,1211,1212,1213,1214,1215,1216,1219,1222,1223,1224,1225,1228,1229,718,719,1232,1233,1234,1235,1236,1241,1242,1243,1245,1251,1252,1253,1254,1255,1256,1257,1259,1260,1261,1262,1265,1266,1267,1268,1270,1271,1273,1276,1278,1281,1282,1284,1285,1286,1289,1290,1291,1292,1294,1297,1298,1300,1301,790,1306,796,1309,799,1312,1316,1317,804,1320,810,1324,1325,1326,1331,1332,1336,1337,1338,1339,1342,1344,832,834,838,850,870,897,902,919,922,957,959,964,965,971,972,976,977,983,984,985,990,991,992,993,994,997,1001,1003,1005,1006,1007,1008,1009,1011,1012,1014,1016,1020,1021,
DuckDuckGeese,hydra,smoteBackground Feature Ablation,1025,1029,1030,1032,1034,1035,522,1036,1038,1037,1040,1042,1043,1044,1046,1047,1050,1051,1053,1054,1057,1058,1059,1060,1064,1065,1066,1067,1068,1069,1071,1073,1074,1075,1076,1078,1079,1081,1082,1083,1084,1085,1087,1089,1090,1092,1094,1095,1097,1098,1099,1100,1104,1105,1106,1107,1108,1109,1113,1114,1116,1119,1120,1121,1122,1124,1125,1126,1128,1129,1130,1131,1134,1135,1136,1138,1140,1141,1142,1143,1144,1145,1146,1147,1148,1150,1151,1152,1153,1154,1157,1158,1159,1161,1162,1163,1164,1165,1167,1170,1171,1172,1173,1174,1175,1176,1177,1182,1184,1185,1186,1187,1188,1190,1197,1201,1206,1208,1209,1210,1211,1212,1213,1214,1215,1216,1219,1220,1222,1223,1225,1228,1229,718,1231,1232,719,1234,1235,1236,1233,1239,1241,1242,1243,729,1245,735,1251,1252,1253,1254,1255,1256,1257,1259,1260,1261,1262,1266,1267,1268,1269,1270,1271,1273,1278,767,1280,1281,1282,1284,1285,1286,1289,1290,1291,1292,1294,782,1297,1298,1300,1301,790,1306,796,799,1312,1316,804,1317,1319,1320,810,811,1325,814,1331,1332,1336,1337,1338,1339,824,1342,1344,834,838,845,846,850,870,889,897,902,394,908,912,919,922,930,934,942,948,957,960,967,972,976,977,982,983,988,990,991,992,993,994,997,998,1001,1003,1007,1008,1009,1011,1012,1014,1016,1020,1021,1023,
DuckDuckGeese,hydra,prototypesBackground Feature Ablation,1025,1029,1030,1032,1034,1035,522,1036,1038,1037,1040,1042,1043,1044,1046,1047,1050,1051,1053,1054,1057,1058,1059,1060,1064,1065,1066,1067,1068,1069,1071,1073,1074,1075,1076,1078,1079,1081,1082,1083,1084,1085,1087,1089,1090,1092,1094,1095,1097,1098,1099,1100,1104,1105,1106,1107,1108,1109,1113,1114,1116,1119,1120,1121,1122,1124,1125,1126,1128,1129,1130,1131,1134,1135,1136,1138,1140,1141,1142,1143,1144,1145,1146,1147,1148,1150,1151,1152,1153,1154,1157,1158,1159,1161,1162,1163,1164,1165,1167,1170,1171,1172,1173,1174,1175,1176,1177,1182,1184,1185,1186,1187,1188,1190,1197,1201,1206,1208,1209,1210,1211,1212,1213,1214,1215,1216,1219,1220,1222,1223,1225,1228,1229,718,1231,1232,719,1234,1235,1236,1233,1239,1241,1242,1243,729,1245,735,1251,1252,1253,1254,1255,1256,1257,1259,1260,1261,1262,1266,1267,1268,1269,1270,1271,1273,1278,767,1280,1281,1282,1284,1285,1286,1289,1290,1291,1292,1294,782,1297,1298,1300,1301,790,1306,796,799,1312,1316,804,1317,1319,1320,810,811,1325,814,1331,1332,1336,1337,1338,1339,824,1342,1344,834,838,845,846,850,870,889,897,902,394,908,912,919,922,930,934,942,948,957,960,967,972,976,977,982,983,988,990,991,992,993,994,997,998,1001,1003,1007,1008,1009,1011,1012,1014,1016,1020,1021,1023,
DuckDuckGeese,hydra,prototypesBackground Shapley_Value_Sampling,1025,1029,1030,1032,1034,1035,1036,1038,1040,1042,1043,1044,1046,1047,1050,1051,1053,1054,1055,1057,1059,1060,1064,1065,1066,1067,1068,1069,1070,1071,1073,1074,1075,1076,1078,1079,1081,1082,1083,1084,1085,1087,1089,1090,1092,1093,1094,1095,1097,1098,1099,1100,1101,1104,1105,1106,1107,1108,1109,1112,1113,1114,1116,1119,1120,1121,1122,1124,1125,1126,1128,1129,1130,1131,1134,1135,1138,1140,1142,1143,1144,1145,1147,1148,1150,1151,1152,1153,1154,1157,1158,1159,1161,1162,1163,1164,1165,1167,1170,1171,1172,1173,1174,1175,1176,1177,666,1182,1184,1185,1186,1187,1188,1189,1190,1197,1201,1206,1209,1210,1211,1212,1213,1214,1215,1216,1219,1220,1222,1223,1225,1228,1229,718,719,1232,1233,1234,1235,1236,1241,1242,1243,1245,1251,1252,1253,1254,1255,1256,1257,1259,1260,1261,1262,1265,1266,1267,1268,1270,1271,1273,1276,1278,1281,1282,1284,1286,1289,1290,1291,1292,1294,1297,1298,1300,1301,790,1306,796,1309,799,1312,1316,1317,804,1319,1320,810,1325,1326,1327,1331,1332,1336,1337,1338,1339,1342,1344,834,838,846,850,902,919,922,957,959,960,964,965,971,976,977,984,990,992,993,994,997,1001,1003,1006,1007,1008,1009,1011,1012,1014,1016,1020,1021,
DuckDuckGeese,hydra,zerosBackground Feature Ablation,1025,1029,1030,1032,1034,522,1035,1037,1038,1042,1043,1044,1047,1050,1053,1054,1057,1059,1060,1064,1067,1068,1069,1071,1073,1074,1075,1076,1078,1079,1081,1082,1083,1084,1085,1087,1089,1090,1092,1093,1094,1095,1097,1098,1099,1100,1101,1102,1104,1105,1108,1109,1113,1114,1116,1119,1120,1121,1122,1124,1125,1128,1129,1130,1131,1134,1135,1138,1140,1141,1142,1143,1144,1146,1147,1148,1151,1152,1153,1154,1158,1159,1161,1162,1163,1164,1165,1167,1171,1172,1173,1175,1176,1177,666,1182,1184,1185,1187,1188,1190,1197,1199,1206,1208,1209,1210,1211,1212,1213,1214,1215,1216,1219,1220,1222,1223,1225,1228,1229,718,1231,1233,1234,1235,1236,1239,1241,1242,1243,729,1245,1251,1252,1253,1254,1255,1256,1257,1259,1260,1261,1262,1265,1266,1267,1268,1269,1270,1271,1273,1274,1277,1278,1280,1281,1282,1284,1286,1289,1291,1292,782,1298,1300,1301,790,1306,1312,1313,1315,1316,804,1317,1320,1325,1326,1332,1336,1338,1339,1342,1344,834,838,846,889,912,919,946,957,960,967,972,976,977,991,992,993,994,1001,1003,1007,1008,1009,1011,1012,1014,1016,1020,1021,1023,
DuckDuckGeese,hydra,zerosBackground Shapley_Value_Sampling,1034,1035,526,1043,1047,1057,1059,1060,1064,1066,1068,1073,562,1075,1078,1089,1092,585,1104,1106,1114,1116,1121,1122,611,1124,1125,1128,1129,1134,1135,1138,631,127,1159,1162,1163,1171,152,1177,1185,1187,1188,165,1209,1213,1223,205,1234,1235,213,1241,1242,1245,1251,1253,1254,1255,752,1266,1267,1270,767,1291,782,1299,790,804,824,1338,1344,834,383,384,901,394,922,925,991,1001,1008,1017,1020,
DuckDuckGeese,ConvTran,smoteBackground Shapley_Value_Sampling,1026,1027,1049,1050,1051,1052,1053,1054,1055,1056,1057,1058,1059,1060,1061,1062,1063,1064,1065,1066,1067,1068,1069,1070,1071,1072,1073,1074,1076,1077,1078,1079,1081,1083,1084,1088,1089,1090,1091,1094,1095,1096,1097,1100,1101,1102,1104,1106,1107,1110,1111,1113,1114,1115,1116,1117,1118,1119,1120,1121,1122,1123,1124,1125,1126,1127,1128,1129,1130,1131,1132,1133,1134,1135,1136,1137,1138,1139,1140,1141,1142,1143,1144,1145,1150,1151,1152,1153,1154,1155,1156,1157,1158,1159,1160,1161,1162,1163,1164,1165,1166,1167,1168,1169,1170,1171,1172,1173,1174,1175,1176,1177,1178,1179,1180,1181,1182,1183,1184,1185,1186,1187,1188,1189,1190,1191,1192,1193,1194,1195,1196,1197,1198,1199,1200,1201,1202,1203,1204,1205,1206,1207,1208,1209,1210,1211,1212,1213,1214,1215,1216,1217,1218,1219,1220,1222,1223,1229,1230,1231,1232,1233,1234,1235,1236,1237,1238,1239,1240,1241,1242,1243,1244,1245,1246,1247,1248,1249,1250,1251,1252,1253,1254,1255,1256,1257,1258,1259,1260,1261,1263,1264,1265,1266,1267,1272,1274,1278,1279,1280,1281,1282,1283,1284,1285,1287,1290,1291,1292,1293,1294,1295,1296,1297,1298,1299,1300,1301,1302,1303,1324,1326,1327,1328,1329,1330,1331,1332,1333,1334,1335,1336,1337,1338,1339,1340,1341,1342,1343,1344,945,982,983,991,992,993,997,1009,1010,1011,1012,1013,1014,1023,
DuckDuckGeese,ConvTran,smoteBackground Feature Ablation,1025,1026,1027,1028,1033,1034,1035,1036,1037,1039,1041,1042,1043,1044,1046,1052,1053,1054,1055,1056,1057,1058,1063,1064,1065,1066,1067,1068,1069,1070,1071,1072,1074,1076,1077,1078,1079,1080,1081,1082,1083,1084,1085,1086,1087,1089,1090,1091,1092,1094,1096,1098,1100,1101,1102,1103,1104,1107,1108,1109,1110,1111,1112,1113,1114,1115,1116,1117,1118,1119,1120,1121,1122,1123,1124,1125,1126,1127,1129,1130,1131,1132,1133,1134,1135,1136,1137,1138,1139,1140,1141,1142,1143,1144,1145,1146,1148,1149,1150,1152,1153,1154,1155,1156,1157,1158,1159,1160,1161,1162,1163,1168,1169,1170,1171,1172,1173,1174,1175,1176,1177,1178,1179,1180,1181,1182,1183,1184,1185,1186,1187,1188,1189,1190,1191,1192,1193,1194,1195,1196,1197,1198,1199,1200,1201,1202,1203,1204,1205,1206,1207,1208,1209,1210,1211,1212,1213,1214,1215,1216,1217,1218,1219,1220,1221,1222,1223,1224,1225,1226,1228,1229,1230,1231,1232,1233,1234,1235,1236,1237,1238,1239,1240,1241,1242,1243,1244,1245,1246,1247,1248,1249,1250,1251,1252,1253,1254,1255,1256,1257,1258,1259,1260,1261,1262,1265,1267,1268,1269,1270,1271,1272,1273,1274,1275,1276,1277,1278,1279,1280,1281,1282,1283,1284,1286,1287,1288,1290,1291,1292,1293,1294,1295,1296,1297,1298,1299,1300,1301,1302,1303,1304,1305,1306,1307,1308,1309,1310,1311,1312,1313,1314,1315,1316,1317,1318,1319,1320,1323,1324,1332,1333,1335,1336,1337,1338,1339,1340,1342,1343,986,987,988,989,991,999,1002,1003,1023,
DuckDuckGeese,ConvTran,prototypesBackground Feature Ablation,1025,1026,1027,1028,1033,1034,1035,1036,1037,1039,1041,1042,1043,1044,1046,1052,1053,1054,1055,1056,1057,1058,1063,1064,1065,1066,1067,1068,1069,1070,1071,1072,1074,1076,1077,1078,1079,1080,1081,1082,1083,1084,1085,1086,1087,1089,1090,1091,1092,1094,1096,1098,1100,1101,1102,1103,1104,1107,1108,1109,1110,1111,1112,1113,1114,1115,1116,1117,1118,1119,1120,1121,1122,1123,1124,1125,1126,1127,1129,1130,1131,1132,1133,1134,1135,1136,1137,1138,1139,1140,1141,1142,1143,1144,1145,1146,1148,1149,1150,1152,1153,1154,1155,1156,1157,1158,1159,1160,1161,1162,1163,1168,1169,1170,1171,1172,1173,1174,1175,1176,1177,1178,1179,1180,1181,1182,1183,1184,1185,1186,1187,1188,1189,1190,1191,1192,1193,1194,1195,1196,1197,1198,1199,1200,1201,1202,1203,1204,1205,1206,1207,1208,1209,1210,1211,1212,1213,1214,1215,1216,1217,1218,1219,1220,1221,1222,1223,1224,1225,1226,1228,1229,1230,1231,1232,1233,1234,1235,1236,1237,1238,1239,1240,1241,1242,1243,1244,1245,1246,1247,1248,1249,1250,1251,1252,1253,1254,1255,1256,1257,1258,1259,1260,1261,1262,1265,1267,1268,1269,1270,1271,1272,1273,1274,1275,1276,1277,1278,1279,1280,1281,1282,1283,1284,1286,1287,1288,1290,1291,1292,1293,1294,1295,1296,1297,1298,1299,1300,1301,1302,1303,1304,1305,1306,1307,1308,1309,1310,1311,1312,1313,1314,1315,1316,1317,1318,1319,1320,1323,1324,1332,1333,1335,1336,1337,1338,1339,1340,1342,1343,986,987,988,989,991,999,1002,1003,1023,
DuckDuckGeese,ConvTran,prototypesBackground Shapley_Value_Sampling,1027,1050,1052,1053,1054,1055,1056,1057,1058,1059,1060,1061,1063,1064,1065,1066,1067,1068,1069,1070,1071,1072,1073,1074,1077,1078,1079,1081,1083,1084,1085,1087,1088,1089,1090,1091,1094,1095,1096,1098,1100,1101,1102,1104,1106,1107,1113,1114,1115,1116,1117,1118,1119,1120,1121,1122,1123,1124,1125,1126,1127,1128,1129,1130,1131,1132,1133,1134,1135,1136,1137,1138,1139,1140,1141,1142,1143,1144,1145,1150,1151,1152,1153,1154,1155,1156,1157,1158,1159,1160,1161,1162,1163,1164,1165,1166,1167,1168,1169,1170,1171,1172,1173,1174,1175,1176,1177,1178,1179,1180,1181,1182,1183,1184,1185,1186,1187,1188,1189,1190,1191,1192,1193,1194,1195,1196,1197,1198,1199,1200,1201,1202,1203,1204,1205,1206,1207,1208,1209,1210,1211,1212,1213,1214,1215,1216,1217,1218,1219,1220,1222,1223,1228,1229,1230,1231,1232,1233,1234,1235,1236,1237,1238,1239,1240,1241,1242,1243,1244,1245,1246,1247,1248,1249,1250,1251,1252,1253,1254,1255,1256,1257,1258,1259,1263,1264,1265,1266,1267,1269,1278,1279,1280,1281,1284,1286,1287,1290,1291,1292,1293,1294,1295,1296,1297,1298,1299,1300,1301,1302,1324,1326,1327,1328,1329,1330,1332,1333,1334,1335,1336,1337,1338,1339,1340,1341,1342,1343,1344,982,990,991,997,1008,1009,1010,1011,1012,1013,
DuckDuckGeese,ConvTran,zerosBackground Feature Ablation,1025,1033,1035,1037,1048,1053,1061,1066,1067,1070,1073,1075,1088,1091,1095,1101,1102,1103,1104,1105,1110,1111,1113,1114,1115,1116,1118,1119,1120,1121,1122,1123,1124,1126,1127,1128,1129,1130,1132,1133,1136,1137,1138,1139,1140,1141,1142,1144,1145,1146,1150,1151,1152,1153,1155,1159,1162,1164,1166,1167,1168,1170,1175,1176,1177,1180,1181,1182,1183,1184,1185,1186,1187,1188,1189,1190,1191,1192,1193,1194,1195,1196,1197,1198,1199,1204,1205,1206,1207,1208,1209,1217,1218,1219,1220,1226,1227,1228,1230,1231,1232,1233,1234,1237,1238,1239,1240,1241,1244,1245,1246,1248,1249,1250,1251,1253,1254,1255,1256,1257,1258,1259,1260,1261,1262,1263,1264,1267,1268,1269,1270,1271,1272,1273,1274,1275,1276,1277,1278,1279,1280,1281,1282,1283,1284,1285,1286,1287,1288,1289,1290,1291,1292,1293,1297,1299,1300,1301,1302,1303,1304,1305,1306,1307,1308,1309,1310,1311,1312,1313,1314,1315,1318,1319,1320,1321,1330,1331,1333,1334,1335,1336,1342,1343,1344,853,979,980,981,982,983,984,985,986,988,989,990,991,992,993,994,995,996,1005,1006,1007,1008,1009,
DuckDuckGeese,ConvTran,zerosBackground Shapley_Value_Sampling,1034,1040,1042,1046,1047,1052,1053,1054,1068,1073,1080,1087,1088,1089,1090,1091,1092,1093,1094,1095,1096,1097,1098,1100,1105,1106,1107,1108,1111,1112,1115,1116,1117,1121,1124,1126,1128,1130,1132,1133,1135,1136,1137,1138,1143,1144,1145,1147,1148,1149,1150,1151,1152,1154,1159,1160,1161,1162,1163,1164,1165,1166,1168,1169,1171,1172,1173,1174,1175,1176,1177,1178,1179,1180,1181,1182,1183,1185,1190,1200,1201,1202,1203,1204,1205,1206,1207,1208,1209,1210,1211,1212,1213,1217,1218,1230,1231,1237,1238,1239,1240,1241,1245,1246,1247,1248,1249,1250,1251,1254,1255,1256,1258,1260,1268,1274,1275,1276,1282,1283,1285,1286,1287,1288,1289,1290,1291,1292,1300,1302,1303,1304,1305,1306,1307,1308,1309,1310,1311,1312,1313,1314,1315,1316,1318,1320,1321,1325,1326,1333,1334,1335,1336,1342,1343,1344,941,978,979,980,981,982,983,984,985,986,987,988,989,990,991,993,994,995,997,998,999,1003,1004,1006,1007,1008,1009,1010,1012,
DuckDuckGeese,miniRocket,smoteBackground Shapley_Value_Sampling,1043,1057,1061,1079,1085,1088,1106,1110,1114,1117,1119,1121,1123,1125,1126,1128,1130,1136,1140,1151,1153,1156,1157,1158,1159,1162,138,1168,1169,1171,1172,1173,1174,1177,1181,1184,1186,682,683,1206,1207,1209,1216,1217,1224,1230,1234,1235,1236,1238,1239,1242,1243,1246,1248,1253,1255,1256,1257,231,1261,1262,1263,1264,1266,1267,754,1271,1272,1273,1275,1276,1281,1283,1285,1287,1288,1289,265,1296,1297,1299,1301,1302,1308,1312,1330,1335,1336,1339,315,1344,350,880,375,383,905,917,922,927,931,962,965,968,972,463,978,997,1000,1009,1021,
DuckDuckGeese,miniRocket,smoteBackground Feature Ablation,1043,1057,1061,1077,1079,1085,1088,582,1102,1105,1106,1110,1114,1117,1119,1121,1123,1125,1126,1128,1130,1133,1136,1138,115,1140,1151,1153,1154,1156,1157,1158,1159,1162,138,1168,1169,1171,1172,1173,1174,1180,1181,1183,1184,1186,167,169,683,1206,1207,1209,1212,1216,192,1217,1224,1230,1234,1235,1236,1238,1239,1240,1242,1243,1246,1248,1253,1255,1256,1257,231,1261,1262,1263,1264,1266,754,1268,757,1270,1271,1267,1272,1275,1276,1281,1283,260,1285,1287,1288,1289,265,1296,1297,1299,1301,1302,1306,1308,1316,1322,304,1330,1335,1336,1339,1344,333,350,880,884,375,902,392,905,912,917,922,927,931,955,962,965,968,972,463,978,997,999,1000,1009,1021,
DuckDuckGeese,miniRocket,prototypesBackground Feature Ablation,1043,1057,1061,1077,1079,1085,1088,582,1102,1105,1106,1110,1114,1117,1119,1121,1123,1125,1126,1128,1130,1133,1136,1138,115,1140,1151,1153,1154,1156,1157,1158,1159,1162,138,1168,1169,1171,1172,1173,1174,1180,1181,1183,1184,1186,167,169,683,1206,1207,1209,1212,1216,192,1217,1224,1230,1234,1235,1236,1238,1239,1240,1242,1243,1246,1248,1253,1255,1256,1257,231,1261,1262,1263,1264,1266,754,1268,757,1270,1271,1267,1272,1275,1276,1281,1283,260,1285,1287,1288,1289,265,1296,1297,1299,1301,1302,1306,1308,1316,1322,304,1330,1335,1336,1339,1344,333,350,880,884,375,902,392,905,912,917,922,927,931,955,962,965,968,972,463,978,997,999,1000,1009,1021,
DuckDuckGeese,miniRocket,prototypesBackground Shapley_Value_Sampling,1043,1057,1061,1077,1079,1085,1088,582,1102,1106,1110,1114,1117,1119,1121,1122,1123,1125,1126,1128,1130,1133,1134,1136,1138,1140,1151,1153,1154,1156,1157,1158,1159,1162,138,1168,1169,1171,1172,1173,1174,1177,1180,1181,1183,1184,1186,169,682,683,1206,1207,1209,1212,1216,1217,1218,1224,716,1230,1234,1235,1236,1238,1239,1242,1243,1246,1248,1249,1250,1253,1255,1256,1257,231,1261,1262,1263,1264,1266,754,1268,1267,1271,1272,1273,1275,1276,1281,1283,1285,1287,1288,1289,265,1296,1297,1299,1301,1302,1306,1308,286,1312,1322,1324,1330,1335,1336,1339,315,1344,350,880,375,383,902,392,905,911,912,916,917,922,927,931,955,962,965,968,972,463,978,997,1000,1009,
DuckDuckGeese,miniRocket,zerosBackground Feature Ablation,1153,1281,641,1156,1157,262,1287,1288,1285,1162,138,260,1289,1166,1020,1296,1169,1297,1171,1168,1301,1302,1174,1173,922,1306,1308,1311,1151,1057,1206,1079,1209,1082,315,1088,1217,1224,1102,463,1106,1235,1236,1234,1238,1239,1242,1243,1114,1117,1246,1119,1248,1121,1123,1125,1126,1255,997,1257,1000,1261,109,1264,1136,1266,1271,1276,383,
DuckDuckGeese,miniRocket,zerosBackground Shapley_Value_Sampling,1043,27,543,1061,46,1079,1123,1128,1133,1136,625,115,1140,631,1151,1153,1154,1156,1157,1158,1159,1162,1166,1168,1169,1171,1172,1173,1174,1180,1181,1184,1186,1216,1234,1235,1238,1239,217,1242,1243,1248,1255,231,1261,1264,1266,1271,1276,1281,260,1285,262,1287,1288,1299,1301,1302,1306,1308,286,1316,1319,807,304,1330,819,333,851,350,880,371,894,911,399,917,922,417,931,953,449,962,965,968,463,475,988,997,1009,1020,1023,
FaceDetection,hydra,smoteBackground Shapley_Value_Sampling,99,139,113,115,51,21,124,
FaceDetection,hydra,smoteBackground Feature Ablation,2,36,69,136,105,138,43,139,141,110,114,87,24,57,61,
FaceDetection,hydra,prototypesBackground Feature Ablation,2,36,69,136,105,138,43,139,141,110,114,87,24,57,61,
FaceDetection,hydra,prototypesBackground Shapley_Value_Sampling,129,99,139,113,115,51,21,
FaceDetection,hydra,zerosBackground Feature Ablation,2,36,69,136,105,138,43,139,141,110,114,87,24,57,61,
FaceDetection,hydra,zerosBackground Shapley_Value_Sampling,76,
FaceDetection,ConvTran,smoteBackground Shapley_Value_Sampling,138,115,84,118,87,
FaceDetection,ConvTran,smoteBackground Feature Ablation,138,48,115,84,118,87,25,58,94,
FaceDetection,ConvTran,prototypesBackground Feature Ablation,138,48,115,84,118,87,25,58,94,
FaceDetection,ConvTran,prototypesBackground Shapley_Value_Sampling,138,115,84,118,56,
FaceDetection,ConvTran,zerosBackground Feature Ablation,138,48,115,84,118,87,25,58,94,
FaceDetection,ConvTran,zerosBackground Shapley_Value_Sampling,138,115,84,118,87,
FaceDetection,miniRocket,smoteBackground Shapley_Value_Sampling,64,67,100,6,7,80,21,22,118,94,
FaceDetection,miniRocket,smoteBackground Feature Ablation,64,67,6,80,22,94,63,
FaceDetection,miniRocket,prototypesBackground Feature Ablation,64,67,6,80,22,94,63,
FaceDetection,miniRocket,prototypesBackground Shapley_Value_Sampling,64,67,100,6,7,80,21,22,118,94,
FaceDetection,miniRocket,zerosBackground Feature Ablation,64,67,6,80,22,94,63,
FaceDetection,miniRocket,zerosBackground Shapley_Value_Sampling,64,67,100,6,7,80,21,22,118,94,
FingerMovements,hydra,smoteBackground Shapley_Value_Sampling,19,1,3,
FingerMovements,hydra,smoteBackground Feature Ablation,3,1,19,
FingerMovements,hydra,prototypesBackground Feature Ablation,1,3,6,18,19,20,26,
FingerMovements,hydra,prototypesBackground Shapley_Value_Sampling,1,3,16,18,19,
FingerMovements,hydra,zerosBackground Feature Ablation,3,1,18,19,
FingerMovements,hydra,zerosBackground Shapley_Value_Sampling,24,19,
FingerMovements,ConvTran,smoteBackground Shapley_Value_Sampling,17,18,3,
FingerMovements,ConvTran,smoteBackground Feature Ablation,17,18,
FingerMovements,ConvTran,prototypesBackground Feature Ablation,17,18,
FingerMovements,ConvTran,prototypesBackground Shapley_Value_Sampling,17,18,3,
FingerMovements,ConvTran,zerosBackground Feature Ablation,4,7,
FingerMovements,ConvTran,zerosBackground Shapley_Value_Sampling,0,4,5,6,7,
FingerMovements,miniRocket,smoteBackground Shapley_Value_Sampling,16,
FingerMovements,miniRocket,smoteBackground Feature Ablation,16,6,
FingerMovements,miniRocket,prototypesBackground Feature Ablation,16,6,
FingerMovements,miniRocket,prototypesBackground Shapley_Value_Sampling,16,
FingerMovements,miniRocket,zerosBackground Feature Ablation,1,6,13,19,24,25,
FingerMovements,miniRocket,zerosBackground Shapley_Value_Sampling,6,13,19,24,25,
HandMovementDirection,hydra,smoteBackground Shapley_Value_Sampling,9,7,
HandMovementDirection,hydra,smoteBackground Feature Ablation,2,
HandMovementDirection,hydra,prototypesBackground Feature Ablation,2,
HandMovementDirection,hydra,prototypesBackground Shapley_Value_Sampling,7,
HandMovementDirection,hydra,zerosBackground Feature Ablation,2,
HandMovementDirection,hydra,zerosBackground Shapley_Value_Sampling,9,
HandMovementDirection,ConvTran,smoteBackground Shapley_Value_Sampling,5,
HandMovementDirection,ConvTran,smoteBackground Feature Ablation,9,3,4,5,
HandMovementDirection,ConvTran,prototypesBackground Feature Ablation,9,3,4,5,
HandMovementDirection,ConvTran,prototypesBackground Shapley_Value_Sampling,9,3,4,5,
HandMovementDirection,ConvTran,zerosBackground Feature Ablation,9,3,
HandMovementDirection,ConvTran,zerosBackground Shapley_Value_Sampling,9,5,
HandMovementDirection,miniRocket,smoteBackground Shapley_Value_Sampling,1,7,
HandMovementDirection,miniRocket,smoteBackground Feature Ablation,1,7,
HandMovementDirection,miniRocket,prototypesBackground Feature Ablation,1,7,
HandMovementDirection,miniRocket,prototypesBackground Shapley_Value_Sampling,1,9,7,
HandMovementDirection,miniRocket,zerosBackground Feature Ablation,0,1,7,
HandMovementDirection,miniRocket,zerosBackground Shapley_Value_Sampling,0,1,7,
Heartbeat,hydra,smoteBackground Shapley_Value_Sampling,56,57,58,59,60,
Heartbeat,hydra,smoteBackground Feature Ablation,47,48,51,55,56,57,58,59,
Heartbeat,hydra,prototypesBackground Feature Ablation,37,47,48,50,51,54,55,56,57,58,59,60,
Heartbeat,hydra,prototypesBackground Shapley_Value_Sampling,48,49,50,51,54,55,56,57,58,59,60,
Heartbeat,hydra,zerosBackground Feature Ablation,46,47,48,50,51,52,54,55,56,58,59,60,
Heartbeat,hydra,zerosBackground Shapley_Value_Sampling,43,44,18,19,50,22,55,57,26,59,
Heartbeat,ConvTran,smoteBackground Shapley_Value_Sampling,51,52,53,54,55,57,58,59,60,
Heartbeat,ConvTran,smoteBackground Feature Ablation,49,51,52,53,54,56,57,58,59,60,
Heartbeat,ConvTran,prototypesBackground Feature Ablation,49,51,52,53,54,57,58,59,60,
Heartbeat,ConvTran,prototypesBackground Shapley_Value_Sampling,51,52,53,54,55,56,57,58,59,60,
Heartbeat,ConvTran,zerosBackground Feature Ablation,1,55,56,59,60,
Heartbeat,ConvTran,zerosBackground Shapley_Value_Sampling,1,52,53,55,56,57,58,60,
Heartbeat,miniRocket,smoteBackground Shapley_Value_Sampling,2,39,9,45,49,54,55,56,59,
Heartbeat,miniRocket,smoteBackground Feature Ablation,2,39,9,43,45,49,54,55,56,59,
Heartbeat,miniRocket,prototypesBackground Feature Ablation,49,59,45,55,
Heartbeat,miniRocket,prototypesBackground Shapley_Value_Sampling,2,6,39,9,43,45,49,54,55,56,57,59,
Heartbeat,miniRocket,zerosBackground Feature Ablation,33,39,8,9,14,18,50,20,53,56,
Heartbeat,miniRocket,zerosBackground Shapley_Value_Sampling,33,39,10,46,14,48,50,53,57,58,30,
MotorImagery,hydra,smoteBackground Shapley_Value_Sampling,41,
MotorImagery,hydra,smoteBackground Feature Ablation,6,
MotorImagery,hydra,prototypesBackground Feature Ablation,6,
MotorImagery,hydra,prototypesBackground Shapley_Value_Sampling,6,
MotorImagery,hydra,zerosBackground Feature Ablation,6,
MotorImagery,hydra,zerosBackground Shapley_Value_Sampling,42,3,62,
MotorImagery,ConvTran,smoteBackground Shapley_Value_Sampling,32,1,38,46,53,22,63,
MotorImagery,ConvTran,smoteBackground Feature Ablation,1,38,46,53,22,63,
MotorImagery,ConvTran,prototypesBackground Feature Ablation,1,38,46,53,22,63,
MotorImagery,ConvTran,prototypesBackground Shapley_Value_Sampling,1,38,46,53,22,63,
MotorImagery,ConvTran,zerosBackground Feature Ablation,46,
MotorImagery,ConvTran,zerosBackground Shapley_Value_Sampling,53,38,63,
MotorImagery,miniRocket,smoteBackground Shapley_Value_Sampling,1,36,5,11,44,14,52,58,27,29,63,
MotorImagery,miniRocket,smoteBackground Feature Ablation,0,1,3,36,5,11,44,17,19,52,58,27,29,63,
MotorImagery,miniRocket,prototypesBackground Feature Ablation,0,1,3,36,5,11,44,17,19,52,58,27,29,63,
MotorImagery,miniRocket,prototypesBackground Shapley_Value_Sampling,1,34,36,5,11,44,52,27,63,
MotorImagery,miniRocket,zerosBackground Feature Ablation,0,1,36,5,11,44,17,49,58,27,29,63,
MotorImagery,miniRocket,zerosBackground Shapley_Value_Sampling,1,36,5,11,15,52,58,27,29,63,
NATOPS,hydra,smoteBackground Shapley_Value_Sampling,1,3,15,18,21,22,
NATOPS,hydra,smoteBackground Feature Ablation,18,3,21,15,
NATOPS,hydra,prototypesBackground Feature Ablation,18,3,21,15,
NATOPS,hydra,prototypesBackground Shapley_Value_Sampling,1,3,15,18,21,
NATOPS,hydra,zerosBackground Feature Ablation,18,3,21,15,
NATOPS,hydra,zerosBackground Shapley_Value_Sampling,3,21,
NATOPS,ConvTran,smoteBackground Shapley_Value_Sampling,0,4,
NATOPS,ConvTran,smoteBackground Feature Ablation,0,1,4,10,11,16,21,22,
NATOPS,ConvTran,prototypesBackground Feature Ablation,0,1,4,10,11,16,21,22,
NATOPS,ConvTran,prototypesBackground Shapley_Value_Sampling,0,4,22,
NATOPS,ConvTran,zerosBackground Feature Ablation,4,9,10,16,21,
NATOPS,ConvTran,zerosBackground Shapley_Value_Sampling,0,6,10,16,21,
NATOPS,miniRocket,smoteBackground Shapley_Value_Sampling,0,3,
NATOPS,miniRocket,smoteBackground Feature Ablation,0,3,21,22,
NATOPS,miniRocket,prototypesBackground Feature Ablation,0,3,21,22,
NATOPS,miniRocket,prototypesBackground Shapley_Value_Sampling,0,3,4,15,18,19,21,22,
NATOPS,miniRocket,zerosBackground Feature Ablation,0,3,22,
NATOPS,miniRocket,zerosBackground Shapley_Value_Sampling,0,19,3,22,
PEMS-SF,hydra,smoteBackground Shapley_Value_Sampling,514,526,15,531,28,35,50,51,61,73,75,79,591,88,104,620,622,624,627,628,119,654,146,665,157,685,174,688,182,701,707,196,199,715,716,718,721,217,220,737,738,229,233,236,748,751,752,242,245,762,764,254,255,256,772,264,777,269,277,281,284,287,812,317,831,329,345,351,354,356,891,903,904,396,911,405,406,407,922,410,937,951,439,446,958,463,468,469,480,495,497,501,
PEMS-SF,hydra,smoteBackground Feature Ablation,514,526,28,35,553,51,585,73,79,599,88,602,614,104,620,622,624,119,665,157,672,685,174,688,182,195,196,707,199,715,716,203,718,217,220,733,737,738,229,236,748,751,242,763,764,254,255,770,772,264,777,269,271,277,281,284,287,288,810,811,812,315,317,831,329,345,351,354,356,363,903,904,396,911,405,406,407,922,929,931,937,947,439,952,951,446,449,463,495,497,501,
PEMS-SF,hydra,prototypesBackground Feature Ablation,514,526,28,35,553,51,585,73,79,599,88,602,614,104,620,622,624,119,665,157,672,685,174,688,182,195,196,707,199,715,716,203,718,217,220,733,737,738,229,236,748,751,242,763,764,254,255,770,772,264,777,269,271,277,281,284,287,288,810,811,812,315,317,831,329,345,351,354,356,363,903,904,396,911,405,406,407,922,929,931,937,947,439,952,951,446,449,463,495,497,501,
PEMS-SF,hydra,prototypesBackground Shapley_Value_Sampling,514,526,15,28,35,50,51,571,75,79,88,104,620,622,627,628,119,654,146,665,157,671,672,685,174,688,182,701,707,196,199,203,716,715,718,721,217,220,737,229,233,236,748,751,242,245,762,764,254,772,264,777,269,271,277,281,284,287,812,317,831,329,345,351,354,356,891,903,904,396,911,405,406,407,922,410,937,951,439,446,463,469,495,497,501,
PEMS-SF,hydra,zerosBackground Feature Ablation,514,526,14,531,28,35,51,71,73,79,599,88,601,602,612,613,614,104,622,624,627,119,123,663,665,157,159,672,685,174,688,181,182,195,196,707,199,715,716,203,718,217,733,223,738,227,236,751,752,242,249,763,764,254,255,769,770,772,777,269,271,281,284,287,288,800,810,811,812,307,315,831,329,345,351,356,363,377,904,911,400,405,406,407,922,925,929,931,937,947,951,952,446,958,449,461,463,470,488,495,497,501,
PEMS-SF,hydra,zerosBackground Shapley_Value_Sampling,256,513,777,526,911,400,147,406,537,281,28,157,34,35,937,810,560,306,52,182,951,188,195,196,329,588,78,463,209,595,88,223,608,479,356,103,104,363,493,751,495,497,501,245,119,888,757,636,509,255,
PEMS-SF,ConvTran,smoteBackground Shapley_Value_Sampling,770,518,15,16,146,661,149,281,287,672,685,50,182,700,957,73,716,463,721,82,723,216,735,503,227,618,620,752,242,499,500,117,119,
PEMS-SF,ConvTran,smoteBackground Feature Ablation,385,770,386,518,136,521,777,654,15,16,146,661,149,24,287,672,297,685,50,178,182,952,59,700,957,834,73,463,721,723,598,343,216,217,735,608,737,503,613,361,618,106,620,236,752,242,499,500,119,
PEMS-SF,ConvTran,prototypesBackground Feature Ablation,385,770,386,518,136,521,649,777,654,15,16,146,661,149,24,281,287,672,297,685,50,178,182,952,59,700,957,834,196,73,586,463,721,723,598,343,216,217,735,608,737,503,613,361,618,106,620,236,752,242,499,500,119,
PEMS-SF,ConvTran,prototypesBackground Shapley_Value_Sampling,770,518,777,15,16,143,146,661,149,281,28,287,672,685,50,182,700,957,448,196,584,73,716,463,721,82,723,343,216,735,480,503,227,101,618,620,752,242,627,500,117,119,
PEMS-SF,ConvTran,zerosBackground Feature Ablation,896,0,770,5,518,134,136,775,778,133,654,15,16,146,532,149,24,409,793,28,158,671,287,673,33,672,420,292,296,937,297,46,942,178,439,441,569,189,957,834,452,709,73,585,74,845,77,336,81,82,723,84,340,85,727,216,599,595,349,480,736,610,352,101,122,613,618,620,364,238,111,242,118,762,
PEMS-SF,ConvTran,zerosBackground Shapley_Value_Sampling,518,522,10,15,16,43,51,52,61,574,82,85,609,610,612,615,618,620,625,118,119,122,635,125,126,653,662,666,672,675,680,701,201,208,722,723,215,728,216,220,736,742,743,232,233,756,759,255,776,777,276,789,281,801,804,808,809,811,814,319,324,327,844,845,336,337,344,869,894,903,394,915,920,923,415,418,422,423,937,431,436,446,962,457,481,491,503,509,
PEMS-SF,miniRocket,smoteBackground Shapley_Value_Sampling,2,6,393,394,651,12,13,273,658,18,17,278,22,151,150,666,283,28,29,27,673,804,934,422,684,174,688,433,58,698,701,831,320,450,196,458,74,77,78,79,335,461,212,85,729,345,475,351,479,737,357,229,359,104,617,232,236,366,880,496,368,115,756,882,120,249,634,635,125,254,
PEMS-SF,miniRocket,smoteBackground Feature Ablation,2,262,264,393,394,779,12,13,398,400,273,658,18,17,788,278,151,150,666,283,28,29,410,804,684,174,688,433,58,316,701,831,320,192,450,196,329,458,77,78,79,335,461,212,85,86,729,345,475,479,351,737,357,229,359,104,232,236,366,622,880,496,368,115,882,367,120,249,634,635,253,254,
PEMS-SF,miniRocket,prototypesBackground Feature Ablation,2,262,264,393,394,779,12,13,398,783,400,273,658,18,17,788,278,151,150,666,283,28,29,410,667,804,684,174,688,433,58,698,316,701,831,320,192,450,196,329,458,77,78,79,335,461,212,85,86,729,345,475,479,351,737,357,229,359,104,232,236,366,622,496,880,368,115,882,367,120,249,634,635,253,254,
PEMS-SF,miniRocket,prototypesBackground Shapley_Value_Sampling,512,2,393,394,651,12,13,273,658,18,17,278,22,151,150,666,283,28,29,27,673,934,422,684,174,688,433,58,701,831,320,450,196,458,77,78,79,335,461,212,729,345,475,479,351,737,357,229,359,104,617,232,236,366,880,496,368,115,756,882,120,249,634,635,125,254,
PEMS-SF,miniRocket,zerosBackground Feature Ablation,768,129,2,132,393,394,12,781,398,273,658,18,17,278,151,666,420,174,175,698,450,458,715,587,79,464,593,212,85,727,475,357,742,617,236,880,115,634,635,
PEMS-SF,miniRocket,zerosBackground Shapley_Value_Sampling,129,2,132,6,903,393,394,12,398,658,278,151,666,29,420,934,683,174,688,433,695,698,458,74,78,79,464,593,212,85,737,880,115,756,634,635,125,
PhonemeSpectra,hydra,smoteBackground Shapley_Value_Sampling,8,9,10,
PhonemeSpectra,hydra,smoteBackground Feature Ablation,9,10,
PhonemeSpectra,hydra,prototypesBackground Feature Ablation,9,10,
PhonemeSpectra,hydra,prototypesBackground Shapley_Value_Sampling,8,9,10,
PhonemeSpectra,hydra,zerosBackground Feature Ablation,9,10,
PhonemeSpectra,hydra,zerosBackground Shapley_Value_Sampling,9,10,
PhonemeSpectra,ConvTran,smoteBackground Shapley_Value_Sampling,9,10,
PhonemeSpectra,ConvTran,smoteBackground Feature Ablation,9,10,
PhonemeSpectra,ConvTran,prototypesBackground Feature Ablation,9,10,
PhonemeSpectra,ConvTran,prototypesBackground Shapley_Value_Sampling,9,10,
PhonemeSpectra,ConvTran,zerosBackground Feature Ablation,9,10,
PhonemeSpectra,ConvTran,zerosBackground Shapley_Value_Sampling,9,10,
PhonemeSpectra,miniRocket,smoteBackground Shapley_Value_Sampling,9,10,
PhonemeSpectra,miniRocket,smoteBackground Feature Ablation,9,10,
PhonemeSpectra,miniRocket,prototypesBackground Feature Ablation,9,10,
PhonemeSpectra,miniRocket,prototypesBackground Shapley_Value_Sampling,9,10,
PhonemeSpectra,miniRocket,zerosBackground Feature Ablation,9,10,
PhonemeSpectra,miniRocket,zerosBackground Shapley_Value_Sampling,9,10,
IMU_MP,hydra,smoteBackground Shapley_Value_Sampling,32,3,4,5,39,40,41,12,13,14,21,30,31,
IMU_MP,hydra,smoteBackground Feature Ablation,32,3,4,5,39,40,41,12,13,14,21,22,30,31,
IMU_MP,hydra,prototypesBackground Feature Ablation,32,3,4,5,39,40,41,12,13,14,21,22,30,31,
IMU_MP,hydra,prototypesBackground Shapley_Value_Sampling,32,3,4,5,39,40,41,12,13,14,21,30,31,
IMU_MP,hydra,zerosBackground Feature Ablation,32,1,3,4,5,39,40,41,10,12,13,14,21,22,30,31,
IMU_MP,hydra,zerosBackground Shapley_Value_Sampling,32,41,5,
IMU_MP,ConvTran,smoteBackground Shapley_Value_Sampling,32,0,3,4,5,39,40,41,12,14,21,22,28,30,31,
IMU_MP,ConvTran,smoteBackground Feature Ablation,32,0,3,4,5,39,40,41,12,14,21,22,30,
IMU_MP,ConvTran,prototypesBackground Feature Ablation,32,0,3,4,5,39,40,41,12,14,21,22,30,
IMU_MP,ConvTran,prototypesBackground Shapley_Value_Sampling,32,0,3,4,5,40,41,12,14,21,22,
IMU_MP,ConvTran,zerosBackground Feature Ablation,32,0,5,10,14,
IMU_MP,ConvTran,zerosBackground Shapley_Value_Sampling,32,0,5,37,41,10,14,
IMU_MP,miniRocket,smoteBackground Shapley_Value_Sampling,41,18,20,25,
IMU_MP,miniRocket,smoteBackground Feature Ablation,41,13,14,18,20,25,31,
IMU_MP,miniRocket,prototypesBackground Feature Ablation,41,18,14,25,
IMU_MP,miniRocket,prototypesBackground Shapley_Value_Sampling,41,
IMU_MP,miniRocket,zerosBackground Feature Ablation,1,5,40,41,13,18,28,
IMU_MP,miniRocket,zerosBackground Shapley_Value_Sampling,41,13,5,25,
IMU_Rowing,hydra,smoteBackground Shapley_Value_Sampling,24,25,20,21,
IMU_Rowing,hydra,smoteBackground Feature Ablation,25,20,21,
IMU_Rowing,hydra,prototypesBackground Feature Ablation,20,21,22,24,25,
IMU_Rowing,hydra,prototypesBackground Shapley_Value_Sampling,24,25,20,21,
IMU_Rowing,hydra,zerosBackground Feature Ablation,25,20,21,
IMU_Rowing,hydra,zerosBackground Shapley_Value_Sampling,13,20,24,25,27,
IMU_Rowing,ConvTran,smoteBackground Shapley_Value_Sampling,25,26,21,
IMU_Rowing,ConvTran,smoteBackground Feature Ablation,3,21,22,25,26,
IMU_Rowing,ConvTran,prototypesBackground Feature Ablation,3,21,22,25,26,
IMU_Rowing,ConvTran,prototypesBackground Shapley_Value_Sampling,25,26,
IMU_Rowing,ConvTran,zerosBackground Feature Ablation,32,33,3,41,15,25,
IMU_Rowing,ConvTran,zerosBackground Shapley_Value_Sampling,3,25,10,11,
IMU_Rowing,miniRocket,smoteBackground Shapley_Value_Sampling,20,
IMU_Rowing,miniRocket,smoteBackground Feature Ablation,25,27,20,13,
IMU_Rowing,miniRocket,prototypesBackground Feature Ablation,25,27,20,13,
IMU_Rowing,miniRocket,prototypesBackground Shapley_Value_Sampling,20,
IMU_Rowing,miniRocket,zerosBackground Feature Ablation,27,20,
IMU_Rowing,miniRocket,zerosBackground Shapley_Value_Sampling,25,27,20,21,
MP50,hydra,smoteBackground Shapley_Value_Sampling,32,3,4,6,7,48,22,28,29,31,
MP50,hydra,smoteBackground Feature Ablation,32,3,4,6,7,44,47,48,22,28,29,31,
MP50,hydra,prototypesBackground Feature Ablation,32,3,4,6,7,44,47,48,22,28,29,31,
MP50,hydra,prototypesBackground Shapley_Value_Sampling,32,3,4,6,7,28,29,31,
MP50,hydra,zerosBackground Feature Ablation,32,3,35,4,6,7,39,44,47,49,28,29,31,
MP50,hydra,zerosBackground Shapley_Value_Sampling,32,26,29,
MP50,ConvTran,smoteBackground Shapley_Value_Sampling,32,42,28,29,31,
MP50,ConvTran,smoteBackground Feature Ablation,32,3,5,6,42,26,27,28,29,31,
MP50,ConvTran,prototypesBackground Feature Ablation,32,3,5,6,42,26,27,28,29,31,
MP50,ConvTran,prototypesBackground Shapley_Value_Sampling,32,42,28,29,31,
MP50,ConvTran,zerosBackground Feature Ablation,1,2,3,4,5,6,7,8,9,10,11,12,13,14,17,18,19,20,21,22,23,24,26,27,28,29,30,31,32,33,34,35,36,37,38,39,42,43,46,49,
MP50,ConvTran,zerosBackground Shapley_Value_Sampling,32,5,6,9,10,49,17,27,31,
MP50,miniRocket,smoteBackground Shapley_Value_Sampling,32,34,3,4,6,7,48,26,27,28,29,30,31,
MP50,miniRocket,smoteBackground Feature Ablation,32,3,4,6,7,26,27,28,29,30,31,
MP50,miniRocket,prototypesBackground Feature Ablation,32,34,3,4,6,7,25,26,27,28,29,30,31,
MP50,miniRocket,prototypesBackground Shapley_Value_Sampling,32,34,3,4,6,7,48,26,27,28,29,30,31,
MP50,miniRocket,zerosBackground Feature Ablation,32,3,26,28,29,31,
MP50,miniRocket,zerosBackground Shapley_Value_Sampling,32,26,29,
Video_MP,hydra,smoteBackground Shapley_Value_Sampling,4,
Video_MP,hydra,smoteBackground Feature Ablation,1,2,4,5,9,10,12,13,
Video_MP,hydra,prototypesBackground Feature Ablation,1,2,4,5,9,10,12,13,
Video_MP,hydra,prototypesBackground Shapley_Value_Sampling,4,
Video_MP,hydra,zerosBackground Feature Ablation,1,2,3,4,9,10,12,13,14,15,
Video_MP,hydra,zerosBackground Shapley_Value_Sampling,9,
Video_MP,ConvTran,smoteBackground Shapley_Value_Sampling,10,12,
Video_MP,ConvTran,smoteBackground Feature Ablation,3,9,10,12,13,
Video_MP,ConvTran,prototypesBackground Feature Ablation,3,9,10,12,13,
Video_MP,ConvTran,prototypesBackground Shapley_Value_Sampling,10,12,
Video_MP,ConvTran,zerosBackground Feature Ablation,0,1,3,6,7,8,9,10,11,12,13,14,15,
Video_MP,ConvTran,zerosBackground Shapley_Value_Sampling,3,14,
Video_MP,miniRocket,smoteBackground Shapley_Value_Sampling,9,10,4,13,
Video_MP,miniRocket,smoteBackground Feature Ablation,1,4,5,8,9,10,11,12,13,
Video_MP,miniRocket,prototypesBackground Feature Ablation,1,4,5,8,9,10,11,12,13,
Video_MP,miniRocket,prototypesBackground Shapley_Value_Sampling,1,10,4,9,
Video_MP,miniRocket,zerosBackground Feature Ablation,0,1,4,9,10,12,13,15,
Video_MP,miniRocket,zerosBackground Shapley_Value_Sampling,1,10,13,
Video_Rowing,hydra,smoteBackground Shapley_Value_Sampling,8,11,12,
Video_Rowing,hydra,smoteBackground Feature Ablation,8,9,10,11,12,
Video_Rowing,hydra,prototypesBackground Feature Ablation,8,9,10,11,12,
Video_Rowing,hydra,prototypesBackground Shapley_Value_Sampling,8,11,12,
Video_Rowing,hydra,zerosBackground Feature Ablation,14,
Video_Rowing,hydra,zerosBackground Shapley_Value_Sampling,1,8,9,10,11,12,13,14,15,
Video_Rowing,ConvTran,smoteBackground Shapley_Value_Sampling,1,8,9,10,11,12,13,
Video_Rowing,ConvTran,smoteBackground Feature Ablation,10,12,13,
Video_Rowing,ConvTran,prototypesBackground Feature Ablation,10,12,13,
Video_Rowing,ConvTran,prototypesBackground Shapley_Value_Sampling,8,9,10,11,12,13,
Video_Rowing,ConvTran,zerosBackground Feature Ablation,5,8,9,10,12,13,
Video_Rowing,ConvTran,zerosBackground Shapley_Value_Sampling,9,12,13,
Video_Rowing,miniRocket,smoteBackground Shapley_Value_Sampling,8,12,
Video_Rowing,miniRocket,smoteBackground Feature Ablation,8,
Video_Rowing,miniRocket,prototypesBackground Feature Ablation,8,
Video_Rowing,miniRocket,prototypesBackground Shapley_Value_Sampling,8,12,
Video_Rowing,miniRocket,zerosBackground Feature Ablation,13,
Video_Rowing,miniRocket,zerosBackground Shapley_Value_Sampling,11,13,
EMOPain,hydra,smoteBackground Shapley_Value_Sampling,0,1,2,3,4,5,27,28,29,
EMOPain,hydra,smoteBackground Feature Ablation,3,4,5,
EMOPain,hydra,prototypesBackground Feature Ablation,3,4,5,
EMOPain,hydra,prototypesBackground Shapley_Value_Sampling,0,1,2,3,4,5,27,28,29,
EMOPain,hydra,zerosBackground Feature Ablation,0,5,6,8,9,12,28,29,
EMOPain,hydra,zerosBackground Shapley_Value_Sampling,0,29,
EMOPain,ConvTran,smoteBackground Shapley_Value_Sampling,0,2,4,5,
EMOPain,ConvTran,smoteBackground Feature Ablation,0,4,5,
EMOPain,ConvTran,prototypesBackground Feature Ablation,0,4,5,
EMOPain,ConvTran,prototypesBackground Shapley_Value_Sampling,0,1,2,4,26,
EMOPain,ConvTran,zerosBackground Feature Ablation,0,3,4,5,6,9,10,11,
EMOPain,ConvTran,zerosBackground Shapley_Value_Sampling,0,3,4,5,6,9,11,
EMOPain,miniRocket,smoteBackground Shapley_Value_Sampling,0,3,4,14,19,22,29,
EMOPain,miniRocket,smoteBackground Feature Ablation,0,3,4,14,18,29,
EMOPain,miniRocket,prototypesBackground Feature Ablation,0,3,4,5,12,14,18,19,22,27,29,
EMOPain,miniRocket,prototypesBackground Shapley_Value_Sampling,0,3,4,14,19,22,27,29,
EMOPain,miniRocket,zerosBackground Feature Ablation,0,5,8,9,28,29,
EMOPain,miniRocket,zerosBackground Shapley_Value_Sampling,0,3,8,9,29,
EyesOpenShut,hydra,smoteBackground Shapley_Value_Sampling,8,9,12,13,
EyesOpenShut,hydra,smoteBackground Feature Ablation,0,6,7,8,9,12,13,
EyesOpenShut,hydra,prototypesBackground Feature Ablation,0,6,7,8,9,12,13,
EyesOpenShut,hydra,prototypesBackground Shapley_Value_Sampling,7,8,9,12,13,
EyesOpenShut,hydra,zerosBackground Feature Ablation,9,7,
EyesOpenShut,hydra,zerosBackground Shapley_Value_Sampling,7,
EyesOpenShut,ConvTran,smoteBackground Shapley_Value_Sampling,12,
EyesOpenShut,ConvTran,smoteBackground Feature Ablation,12,
EyesOpenShut,ConvTran,prototypesBackground Feature Ablation,12,
EyesOpenShut,ConvTran,prototypesBackground Shapley_Value_Sampling,12,
EyesOpenShut,ConvTran,zerosBackground Feature Ablation,8,4,6,7,
EyesOpenShut,ConvTran,zerosBackground Shapley_Value_Sampling,3,
EyesOpenShut,miniRocket,smoteBackground Shapley_Value_Sampling,13,7,
EyesOpenShut,miniRocket,smoteBackground Feature Ablation,2,7,8,11,12,13,
EyesOpenShut,miniRocket,prototypesBackground Feature Ablation,2,7,8,11,12,13,
EyesOpenShut,miniRocket,prototypesBackground Shapley_Value_Sampling,13,7,
EyesOpenShut,miniRocket,zerosBackground Feature Ablation,12,13,7,
EyesOpenShut,miniRocket,zerosBackground Shapley_Value_Sampling,13,7,
MotionSenseHAR,hydra,smoteBackground Shapley_Value_Sampling,2,6,
MotionSenseHAR,hydra,smoteBackground Feature Ablation,6,
MotionSenseHAR,hydra,prototypesBackground Feature Ablation,6,
MotionSenseHAR,hydra,prototypesBackground Shapley_Value_Sampling,2,6,
MotionSenseHAR,hydra,zerosBackground Feature Ablation,6,
MotionSenseHAR,hydra,zerosBackground Shapley_Value_Sampling,8,10,11,6,
MotionSenseHAR,ConvTran,smoteBackground Shapley_Value_Sampling,1,
MotionSenseHAR,ConvTran,smoteBackground Feature Ablation,0,1,6,7,10,
MotionSenseHAR,ConvTran,prototypesBackground Feature Ablation,0,1,6,7,10,
MotionSenseHAR,ConvTran,prototypesBackground Shapley_Value_Sampling,1,
MotionSenseHAR,ConvTran,zerosBackground Feature Ablation,1,
MotionSenseHAR,ConvTran,zerosBackground Shapley_Value_Sampling,1,
MotionSenseHAR,miniRocket,smoteBackground Shapley_Value_Sampling,2,
MotionSenseHAR,miniRocket,smoteBackground Feature Ablation,2,
MotionSenseHAR,miniRocket,prototypesBackground Feature Ablation,2,
MotionSenseHAR,miniRocket,prototypesBackground Shapley_Value_Sampling,2,
MotionSenseHAR,miniRocket,zerosBackground Feature Ablation,2,
MotionSenseHAR,miniRocket,zerosBackground Shapley_Value_Sampling,2,6,
